"Date","Price","Open","High","Low","Change %"
"May 17, 2022","29.5237","29.5437","29.5485","29.4000","-0.06%"
"May 16, 2022","29.5400","29.4000","29.5485","29.3987","0.00%"
"May 13, 2022","29.5400","29.5485","29.5485","29.3987","-0.01%"
"May 12, 2022","29.5420","29.4000","30.2710","29.3987","-2.34%"
"May 11, 2022","30.2500","29.4000","30.2500","29.4000","0.00%"
"May 10, 2022","30.2500","29.4000","30.2500","29.4000","0.00%"
"May 09, 2022","30.2500","29.4000","30.2500","29.4000","0.00%"
"May 06, 2022","30.2500","29.4000","30.2500","29.4000","0.00%"
"May 05, 2022","30.2500","29.4000","30.2500","29.4000","3.42%"
"May 04, 2022","29.2500","29.4000","29.4000","29.4000","0.00%"
"May 03, 2022","29.2500","29.4000","29.4000","29.4000","0.00%"
"May 02, 2022","29.2500","29.4000","29.4000","29.4000","-3.31%"
"Apr 29, 2022","30.2500","29.4000","30.2500","29.4000","0.00%"
"Apr 28, 2022","30.2500","29.4000","30.2500","29.4000","0.00%"
"Apr 27, 2022","30.2500","29.4000","30.2500","29.4000","0.00%"
"Apr 26, 2022","30.2500","29.4000","30.2500","29.4000","0.00%"
"Apr 25, 2022","30.2500","29.4000","30.2500","29.4000","0.00%"
"Apr 22, 2022","30.2500","29.4000","30.2500","29.4000","3.42%"
"Apr 21, 2022","29.2500","29.4000","29.4000","29.4000","-3.31%"
"Apr 20, 2022","30.2500","29.4000","30.2500","29.4000","2.54%"
"Apr 19, 2022","29.5000","29.4000","29.5250","29.4000","0.00%"
"Apr 18, 2022","29.5000","29.4000","29.5250","29.4000","0.85%"
"Apr 15, 2022","29.2500","29.5250","29.5250","29.4000","-0.85%"
"Apr 14, 2022","29.5000","29.4000","29.5250","29.4000","0.85%"
"Apr 13, 2022","29.2500","29.4000","29.4000","29.4000","-0.85%"
"Apr 12, 2022","29.5000","29.4000","29.5250","29.4000","0.00%"
"Apr 11, 2022","29.5000","29.4000","29.5250","29.4000","0.85%"
"Apr 08, 2022","29.2500","29.4000","29.4000","29.4000","0.00%"
"Apr 07, 2022","29.2500","29.4000","29.4000","29.4000","0.00%"
"Apr 06, 2022","29.2500","29.4000","29.5250","29.4000","0.00%"
"Apr 05, 2022","29.2500","29.4000","29.4000","29.4000","0.00%"
"Apr 04, 2022","29.2499","29.4000","29.9050","29.4000","-0.00%"
"Apr 01, 2022","29.2500","29.4000","29.4000","29.4000","-0.85%"
"Mar 31, 2022","29.5000","29.4000","29.5250","29.4000","0.00%"
"Mar 30, 2022","29.5000","29.4000","29.5500","29.4000","0.85%"
"Mar 29, 2022","29.2500","29.5250","29.5250","29.4000","-0.85%"
"Mar 28, 2022","29.5000","29.4000","29.5250","29.4000","0.00%"
"Mar 25, 2022","29.5000","29.4000","29.5250","29.4000","0.85%"
"Mar 24, 2022","29.2500","29.5250","29.5250","29.4000","0.00%"
"Mar 23, 2022","29.2500","29.4000","29.4000","29.4000","0.00%"
"Mar 22, 2022","29.2500","29.6087","29.6087","29.4000","0.00%"
"Mar 21, 2022","29.2500","29.6087","29.6087","29.3900","-0.51%"
"Mar 18, 2022","29.4000","29.4000","29.4000","29.4000","-0.50%"
"Mar 17, 2022","29.5474","29.4000","29.6087","29.4000","1.00%"
"Mar 16, 2022","29.2549","29.4000","29.6087","29.4000","-0.99%"
"Mar 15, 2022","29.5474","29.4000","29.6125","29.4000","1.02%"
"Mar 14, 2022","29.2500","30.0500","30.0500","29.4000","-0.51%"
"Mar 10, 2022","29.4000","29.4000","29.4000","29.4000","-2.16%"
"Feb 25, 2022","30.0500","30.0500","30.0500","30.0500","0.87%"
"Feb 23, 2022","29.7914","29.0650","29.9055","29.0475","2.52%"
"Feb 22, 2022","29.0597","28.9400","29.1353","28.9079","1.36%"
"Feb 21, 2022","28.6690","28.4100","28.7100","28.3946","0.94%"
"Feb 18, 2022","28.4014","28.3900","28.4454","28.3002","0.39%"
"Feb 17, 2022","28.2915","28.2350","28.4404","27.9700","0.54%"
"Feb 16, 2022","28.1400","28.1925","28.2051","28.0550","-0.18%"
"Feb 15, 2022","28.1919","28.5100","28.5480","28.1505","-0.95%"
"Feb 14, 2022","28.4613","28.5250","28.7750","28.4296","1.50%"
"Feb 11, 2022","28.0414","27.9950","28.0905","27.9251","0.47%"
"Feb 10, 2022","27.9098","27.9146","28.0254","27.8240","0.07%"
"Feb 09, 2022","27.8916","28.0000","28.0271","27.9130","-0.25%"
"Feb 08, 2022","27.9617","27.9300","28.0329","27.9018","0.25%"
"Feb 07, 2022","27.8915","28.0900","28.2750","27.9179","-0.79%"
"Feb 04, 2022","28.1140","28.2651","28.2740","28.0770","-0.31%"
"Feb 03, 2022","28.2016","28.3000","28.3199","28.2208","-0.42%"
"Feb 02, 2022","28.3197","28.4250","28.4575","28.2823","-0.37%"
"Feb 01, 2022","28.4240","28.3350","28.4678","28.2530","0.32%"
"Jan 31, 2022","28.3345","28.5800","28.6050","28.3577","-1.25%"
"Jan 28, 2022","28.6918","28.8899","28.9245","28.6180","-0.62%"
"Jan 27, 2022","28.8695","28.8500","29.0471","28.8496","0.10%"
"Jan 26, 2022","28.8397","28.7332","28.8729","28.6999","0.60%"
"Jan 25, 2022","28.6690","28.6750","28.7782","28.5921","0.06%"
"Jan 24, 2022","28.6519","28.2500","28.7004","28.2200","1.60%"
"Jan 21, 2022","28.2013","28.3598","28.3827","28.1901","-0.35%"
"Jan 20, 2022","28.2992","28.3725","28.3895","28.2425","0.13%"
"Jan 19, 2022","28.2616","28.4100","28.4655","28.2706","-0.28%"
"Jan 18, 2022","28.3411","28.2850","28.5448","27.8450","0.24%"
"Jan 17, 2022","28.2740","28.0400","28.3425","27.8450","0.98%"
"Jan 14, 2022","27.9996","27.8948","28.0354","27.8797","0.46%"
"Jan 13, 2022","27.8716","27.7696","27.9053","27.6852","0.43%"
"Jan 12, 2022","27.7511","27.6800","27.7854","27.6553","0.44%"
"Jan 11, 2022","27.6290","27.5200","27.6854","27.4641","0.53%"
"Jan 10, 2022","27.4838","27.4800","27.5504","27.4599","-0.04%"
"Jan 06, 2022","27.4953","27.5100","27.5406","27.4603","0.18%"
"Jan 05, 2022","27.4466","27.4400","27.4902","27.4191","-0.01%"
"Jan 04, 2022","27.4497","27.3150","27.4755","27.2775","0.73%"
"Dec 31, 2021","27.2500","27.3075","27.3075","27.2825","-0.11%"
"Dec 30, 2021","27.2790","27.2350","27.3463","27.2095","0.37%"
"Dec 29, 2021","27.1794","27.2152","27.2460","27.1625","0.02%"
"Dec 28, 2021","27.1747","27.2649","27.2755","27.1429","-0.27%"
"Dec 24, 2021","27.2492","27.2100","27.2804","27.1909","0.18%"
"Dec 23, 2021","27.1997","27.2897","27.3323","27.1904","-0.27%"
"Dec 22, 2021","27.2745","27.1800","27.3900","27.1700","0.49%"
"Dec 21, 2021","27.1418","27.2900","27.3170","27.1597","-0.47%"
"Dec 20, 2021","27.2704","27.3900","27.3900","27.2480","0.02%"
"Dec 17, 2021","27.2642","27.1801","27.3900","27.1696","0.33%"
"Dec 16, 2021","27.1748","27.1650","27.2424","27.1197","0.09%"
"Dec 15, 2021","27.1495","27.1200","27.2649","27.1078","0.33%"
"Dec 14, 2021","27.0597","26.9400","27.1100","26.8850","0.47%"
"Dec 13, 2021","26.9344","27.1325","26.9849","26.8430","0.24%"
"Dec 10, 2021","26.8698","27.0350","27.3900","26.8800","-0.48%"
"Dec 09, 2021","26.9998","27.1600","27.3900","27.0275","-0.55%"
"Dec 08, 2021","27.1498","27.2652","27.3900","27.1296","-0.44%"
"Dec 07, 2021","27.2698","27.3900","27.3900","27.2496","0.08%"
"Dec 06, 2021","27.2492","27.3725","27.4298","27.2545","-0.29%"
"Dec 03, 2021","27.3288","27.2550","27.3524","27.2200","0.48%"
"Dec 02, 2021","27.1992","27.3700","27.3925","27.2234","-0.55%"
"Dec 01, 2021","27.3492","27.1650","27.3829","27.1274","0.74%"
"Nov 30, 2021","27.1492","27.2750","27.3245","27.0900","-0.45%"
"Nov 29, 2021","27.2714","27.1351","27.2862","27.1051","0.48%"
"Nov 26, 2021","27.1399","27.0600","27.1554","27.0375","0.33%"
"Nov 25, 2021","27.0496","26.9800","27.0730","26.9596","0.30%"
"Nov 24, 2021","26.9695","26.8850","27.0180","26.8680","0.52%"
"Nov 23, 2021","26.8290","26.8100","26.9125","26.3225","0.13%"
"Nov 22, 2021","26.7948","26.6000","26.8230","26.5900","0.96%"
"Nov 19, 2021","26.5398","26.5250","26.6120","26.4818","0.08%"
"Nov 18, 2021","26.5192","26.4201","26.5454","26.3225","0.38%"
"Nov 17, 2021","26.4191","26.3225","26.5618","26.3225","-0.23%"
"Nov 16, 2021","26.4793","26.3375","26.5104","26.3305","0.55%"
"Nov 15, 2021","26.3342","26.2250","26.3850","26.0700","0.27%"
"Nov 12, 2021","26.2642","26.1000","26.2955","26.0730","0.63%"
"Nov 11, 2021","26.1006","26.1550","26.1749","26.0617","0.04%"
"Nov 10, 2021","26.0890","26.0751","26.1329","26.0439","0.15%"
"Nov 09, 2021","26.0498","26.0800","26.2900","26.0517","-0.10%"
"Nov 08, 2021","26.0750","26.1150","26.2900","26.0609","-0.13%"
"Nov 05, 2021","26.1094","26.1349","26.2900","26.0821","0.04%"
"Nov 04, 2021","26.0999","26.2450","26.2900","26.1296","-0.57%"
"Nov 03, 2021","26.2494","26.2700","26.2873","26.2200","-0.00%"
"Nov 02, 2021","26.2497","26.3000","26.3300","26.2423","-0.19%"
"Nov 01, 2021","26.2997","26.2750","26.3402","26.2605","0.15%"
"Oct 29, 2021","26.2597","26.2927","26.3232","26.2355","-0.15%"
"Oct 28, 2021","26.2992","26.3652","26.3785","26.2875","-0.15%"
"Oct 27, 2021","26.3393","26.3950","26.4195","26.3425","-0.17%"
"Oct 26, 2021","26.3846","26.4250","26.4724","26.3703","0.06%"
"Oct 25, 2021","26.3693","26.2752","26.4775","26.2551","0.32%"
"Oct 22, 2021","26.2845","26.3288","26.3527","26.2751","-0.13%"
"Oct 21, 2021","26.3193","26.1904","26.3803","26.1556","0.55%"
"Oct 20, 2021","26.1749","26.2498","26.2652","26.1698","-0.21%"
"Oct 19, 2021","26.2292","26.2951","26.3950","26.2371","-0.19%"
"Oct 18, 2021","26.2799","26.3400","26.3507","26.2820","-0.34%"
"Oct 13, 2021","26.3698","26.3597","26.3927","26.3302","0.09%"
"Oct 12, 2021","26.3448","26.3799","26.4004","26.3378","0.02%"
"Oct 11, 2021","26.3395","26.4000","26.4060","26.3246","-0.08%"
"Oct 08, 2021","26.3595","26.2701","26.4100","26.2701","0.30%"
"Oct 07, 2021","26.2796","26.4100","26.4105","26.2896","-0.23%"
"Oct 06, 2021","26.3391","26.3897","26.4405","26.3142","-0.08%"
"Oct 05, 2021","26.3599","26.5000","26.5625","26.3733","-0.45%"
"Oct 04, 2021","26.4794","26.6301","26.8512","26.4757","-0.56%"
"Oct 01, 2021","26.6294","26.5800","26.8512","26.5645","0.21%"
"Sep 30, 2021","26.5741","26.6100","26.6824","26.5275","0.02%"
"Sep 29, 2021","26.5701","26.5650","26.8512","26.5280","0.16%"
"Sep 28, 2021","26.5278","26.6400","26.6500","26.5078","-0.16%"
"Sep 27, 2021","26.5699","26.5275","26.8512","26.5275","-0.49%"
"Sep 24, 2021","26.6995","26.5500","26.7474","26.5500","0.34%"
"Sep 23, 2021","26.6091","26.5800","26.6652","26.4728","0.15%"
"Sep 22, 2021","26.5693","26.7150","26.7386","26.5403","-0.49%"
"Sep 21, 2021","26.6994","26.7000","26.7495","26.6751","0.05%"
"Sep 20, 2021","26.6848","26.6901","26.8512","26.6595","0.05%"
"Sep 17, 2021","26.6715","26.6900","26.7575","26.6458","-0.04%"
"Sep 16, 2021","26.6828","26.6399","26.7105","26.6150","0.20%"
"Sep 15, 2021","26.6291","26.6400","26.6702","26.6047","-0.00%"
"Sep 14, 2021","26.6293","26.6700","26.8512","26.6001","-0.15%"
"Sep 13, 2021","26.6700","26.9725","26.9725","26.6575","-0.19%"
"Sep 10, 2021","26.7197","26.6600","26.7801","26.6203","0.22%"
"Sep 09, 2021","26.6599","26.7651","26.8512","26.6698","-0.34%"
"Sep 08, 2021","26.7498","26.7200","26.8900","26.6950","0.11%"
"Sep 07, 2021","26.7191","26.8900","26.8900","26.6503","-0.17%"
"Sep 06, 2021","26.7641","26.8838","26.8930","26.6450","-0.45%"
"Sep 03, 2021","26.8848","26.9651","26.9817","26.8645","-0.23%"
"Sep 02, 2021","26.9466","27.0600","27.0875","26.8512","-0.27%"
"Sep 01, 2021","27.0197","26.9352","27.0592","26.8512","0.45%"
"Aug 31, 2021","26.8991","26.8500","26.9449","26.7925","0.37%"
"Aug 30, 2021","26.7993","26.9500","26.9555","26.7925","-0.30%"
"Aug 27, 2021","26.8791","26.8452","26.9646","26.8325","0.13%"
"Aug 26, 2021","26.8447","26.7201","26.8729","26.7101","0.54%"
"Aug 25, 2021","26.6999","26.6877","26.8512","26.6625","0.15%"
"Aug 20, 2021","26.6595","26.6875","26.7128","26.6338","0.02%"
"Aug 19, 2021","26.6543","26.6152","26.7925","26.5996","0.15%"
"Aug 18, 2021","26.6148","26.6700","26.7925","26.5896","-0.20%"
"Aug 17, 2021","26.6693","26.7500","26.8512","26.6120","-0.26%"
"Aug 16, 2021","26.7398","26.6750","26.7705","26.6050","0.36%"
"Aug 13, 2021","26.6449","26.7300","26.7925","26.6399","-0.28%"
"Aug 12, 2021","26.7203","26.7650","26.8121","26.7229","-0.47%"
"Aug 11, 2021","26.8475","26.7900","26.8512","26.7446","0.25%"
"Aug 10, 2021","26.7796","26.8100","26.8204","26.7041","0.34%"
"Aug 09, 2021","26.6897","26.8575","26.8575","26.7150","-0.30%"
"Aug 06, 2021","26.7694","26.9000","26.9205","26.7896","-0.41%"
"Aug 05, 2021","26.8798","26.9400","26.9655","26.8745","-0.03%"
"Aug 04, 2021","26.8892","26.8900","26.9770","26.8475","0.11%"
"Aug 03, 2021","26.8597","26.8600","26.9100","26.8003","0.00%"
"Aug 02, 2021","26.8590","26.8352","26.8979","26.7897","0.26%"
"Jul 30, 2021","26.7894","26.8602","26.8755","26.7700","-0.22%"
"Jul 29, 2021","26.8498","26.9451","26.9491","26.8471","-0.15%"
"Jul 28, 2021","26.8898","26.8801","26.9749","26.8125","-0.02%"
"Jul 27, 2021","26.8946","26.9425","27.2150","26.8304","-0.09%"
"Jul 26, 2021","26.9191","27.2150","27.2150","26.9347","-0.43%"
"Jul 23, 2021","27.0342","27.1597","27.2350","27.0175","-0.35%"
"Jul 22, 2021","27.1293","27.2201","27.2495","27.1325","-0.26%"
"Jul 21, 2021","27.1993","27.2150","27.2857","27.1975","-0.04%"
"Jul 20, 2021","27.2091","27.2150","27.2475","27.1915","0.04%"
"Jul 19, 2021","27.1992","27.2274","27.2800","27.1785","-0.07%"
"Jul 16, 2021","27.2190","27.2550","27.2782","27.2090","-0.13%"
"Jul 15, 2021","27.2548","27.3075","27.3245","27.2605","-0.05%"
"Jul 14, 2021","27.2697","27.3052","27.3395","27.2750","0.08%"
"Jul 13, 2021","27.2490","27.2852","27.3505","27.2695","-0.07%"
"Jul 12, 2021","27.2694","27.3088","27.3337","27.2538","-0.00%"
"Jul 09, 2021","27.2696","27.3150","27.3507","27.2795","-0.04%"
"Jul 08, 2021","27.2796","27.2625","27.3501","27.2280","0.26%"
"Jul 07, 2021","27.2099","27.2900","27.3584","27.2345","-0.33%"
"Jul 06, 2021","27.2991","27.2900","27.3305","27.2167","0.05%"
"Jul 05, 2021","27.2846","27.4310","27.4310","27.2607","-0.24%"
"Jul 02, 2021","27.3499","27.4310","27.4520","27.3345","0.00%"
"Jul 01, 2021","27.3494","27.4310","27.4310","27.2675","0.33%"
"Jun 30, 2021","27.2592","27.2101","27.4310","27.1371","0.26%"
"Jun 29, 2021","27.1893","27.3249","27.4310","27.1451","-0.40%"
"Jun 25, 2021","27.2992","27.4310","27.5495","27.3148","-0.73%"
"Jun 24, 2021","27.4995","27.3750","27.5695","27.3277","0.92%"
"Jun 23, 2021","27.2500","27.3000","27.4700","27.2150","-0.33%"
"Jun 22, 2021","27.3390","27.2450","27.4020","27.2128","0.36%"
"Jun 18, 2021","27.2416","27.2250","27.3155","27.1567","0.08%"
"Jun 17, 2021","27.2199","27.1300","27.2530","27.1126","0.48%"
"Jun 16, 2021","27.0894","26.9950","27.1320","26.9601","0.22%"
"Jun 15, 2021","27.0297","26.9150","27.0825","26.8934","0.52%"
"Jun 14, 2021","26.8895","26.9853","27.0349","26.9046","-0.41%"
"Jun 11, 2021","26.9997","27.1000","27.1154","27.0096","-0.33%"
"Jun 10, 2021","27.0890","27.0850","27.1380","27.0588","0.02%"
"Jun 09, 2021","27.0846","27.0750","27.4500","27.0606","0.03%"
"Jun 08, 2021","27.0773","27.1850","27.2262","27.0961","-0.50%"
"Jun 07, 2021","27.2140","27.2401","27.4500","27.1595","-0.06%"
"Jun 04, 2021","27.2296","27.2850","27.4500","27.2250","-0.20%"
"Jun 03, 2021","27.2844","27.3113","27.4500","27.2859","-0.06%"
"Jun 02, 2021","27.2999","27.4050","27.4500","27.3043","-0.40%"
"Jun 01, 2021","27.4093","27.4600","27.4737","27.4107","-0.18%"
"May 31, 2021","27.4597","27.5250","27.5505","27.4247","-0.11%"
"May 28, 2021","27.4899","27.5150","27.5555","27.4605","-0.03%"
"May 27, 2021","27.4993","27.5250","27.5777","27.4700","-0.09%"
"May 26, 2021","27.5244","27.5000","27.5866","27.4845","0.11%"
"May 25, 2021","27.4935","27.4250","27.5185","27.4175","0.41%"
"May 24, 2021","27.3799","27.4399","27.4734","27.3940","-0.12%"
"May 21, 2021","27.4140","27.5000","27.5063","27.4076","-0.17%"
"May 20, 2021","27.4594","27.6850","27.6850","27.4250","0.22%"
"May 19, 2021","27.3997","27.4000","27.4604","27.3746","0.00%"
"May 18, 2021","27.3994","27.5350","27.5406","27.3853","-0.42%"
"May 17, 2021","27.5146","27.5650","27.5903","27.5166","-0.04%"
"May 14, 2021","27.5248","27.6550","27.6550","27.5422","-0.31%"
"May 13, 2021","27.6094","27.6350","27.6605","27.5804","0.04%"
"May 12, 2021","27.5992","27.5900","27.6770","27.5775","0.18%"
"May 11, 2021","27.5498","27.7225","27.7274","27.5821","-0.65%"
"May 07, 2021","27.7297","27.7375","27.8027","27.7138","0.00%"
"May 06, 2021","27.7292","27.7400","27.7795","27.6626","0.01%"
"May 05, 2021","27.7272","27.7650","27.8255","27.6695","-0.22%"
"Apr 30, 2021","27.7895","27.7750","27.8204","27.6983","0.29%"
"Apr 29, 2021","27.7099","27.7750","27.7895","27.7101","-0.19%"
"Apr 28, 2021","27.7618","27.7404","28.0175","27.7246","0.08%"
"Apr 27, 2021","27.7400","27.8099","28.0175","27.7290","-0.27%"
"Apr 26, 2021","27.8161","27.9100","28.0200","27.8092","-0.41%"
"Apr 23, 2021","27.9293","28.0175","28.0275","27.8534","0.11%"
"Apr 22, 2021","27.8992","28.0851","28.1129","27.9146","-0.61%"
"Apr 21, 2021","28.0698","28.0050","28.1595","27.9849","0.21%"
"Apr 20, 2021","28.0098","28.0070","28.0348","27.9725","0.21%"
"Apr 19, 2021","27.9500","27.9700","28.0499","27.9598","-0.07%"
"Apr 16, 2021","27.9690","27.9250","28.0135","27.9250","0.07%"
"Apr 15, 2021","27.9500","27.9150","28.0238","27.8995","0.17%"
"Apr 14, 2021","27.9019","28.0900","28.1005","27.8898","-0.60%"
"Apr 13, 2021","28.0700","27.9650","28.1029","27.9405","0.34%"
"Apr 12, 2021","27.9760","27.9500","27.9766","27.9050","0.24%"
"Apr 09, 2021","27.9093","27.9100","27.9597","27.8645","0.07%"
"Apr 08, 2021","27.8900","27.9352","28.0295","27.8945","-0.09%"
"Apr 07, 2021","27.9143","27.8675","27.9746","27.8200","0.49%"
"Apr 06, 2021","27.7771","27.8500","27.8845","27.7852","-0.15%"
"Apr 05, 2021","27.8196","27.9750","28.0200","27.8346","-0.70%"
"Apr 02, 2021","28.0146","27.8600","28.0539","27.7150","0.59%"
"Apr 01, 2021","27.8500","27.8102","27.8750","27.7150","0.11%"
"Mar 31, 2021","27.8198","27.8100","27.8874","27.7150","0.04%"
"Mar 30, 2021","27.8096","27.9447","27.9702","27.8290","-0.43%"
"Mar 29, 2021","27.9294","27.9902","28.0189","27.8650","-0.24%"
"Mar 26, 2021","27.9953","28.0400","28.0504","27.9202","0.09%"
"Mar 25, 2021","27.9697","27.9500","28.0453","27.8703","0.11%"
"Mar 24, 2021","27.9399","27.7750","27.9655","27.7150","0.70%"
"Mar 23, 2021","27.7445","27.6703","27.8349","27.6546","0.31%"
"Mar 22, 2021","27.6594","27.7150","27.7304","27.6621","-0.07%"
"Mar 19, 2021","27.6800","27.7100","27.7600","27.6730","0.07%"
"Mar 18, 2021","27.6600","27.7123","27.7279","27.6551","-0.16%"
"Mar 17, 2021","27.7050","27.7400","27.7528","27.6625","0.09%"
"Mar 16, 2021","27.6800","27.6000","27.7700","27.5632","0.33%"
"Mar 15, 2021","27.5900","27.7025","27.7482","27.6005","-0.39%"
"Mar 12, 2021","27.6990","27.7388","27.7689","27.6905","-0.00%"
"Mar 11, 2021","27.7000","27.7350","27.7755","27.6825","-0.11%"
"Mar 10, 2021","27.7300","27.7649","27.7799","27.6467","0.00%"
"Mar 09, 2021","27.7295","27.7600","27.8274","27.6845","-0.09%"
"Mar 05, 2021","27.7550","27.7025","27.8130","27.6602","0.27%"
"Mar 04, 2021","27.6800","27.7875","27.9900","27.6555","-0.25%"
"Mar 03, 2021","27.7497","27.8902","27.9750","27.7671","-0.50%"
"Mar 02, 2021","27.8900","27.9200","28.0095","27.8650","-0.21%"
"Mar 01, 2021","27.9500","27.9600","28.0347","27.8675","0.00%"
"Feb 26, 2021","27.9500","27.9100","28.0030","27.8872","0.29%"
"Feb 25, 2021","27.8700","27.9400","27.9792","27.8353","-0.30%"
"Feb 24, 2021","27.9544","27.9450","27.9806","27.8925","0.16%"
"Feb 23, 2021","27.9095","27.8800","27.9580","27.8549","0.11%"
"Feb 22, 2021","27.8797","27.8750","27.9730","27.8346","0.11%"
"Feb 19, 2021","27.8492","27.8575","27.8797","27.8100","0.07%"
"Feb 18, 2021","27.8291","27.9300","27.9300","27.8025","0.10%"
"Feb 17, 2021","27.8000","27.9150","27.9645","27.8100","-0.25%"
"Feb 16, 2021","27.8700","27.7900","27.9273","27.7733","0.43%"
"Feb 15, 2021","27.7496","27.8450","28.0457","27.7712","-0.54%"
"Feb 12, 2021","27.8995","27.7350","27.9454","27.7246","0.54%"
"Feb 11, 2021","27.7500","27.9200","27.9403","27.7350","-0.43%"
"Feb 10, 2021","27.8700","27.6950","27.9329","27.6650","0.68%"
"Feb 09, 2021","27.6824","27.6350","27.7157","27.5605","0.23%"
"Feb 08, 2021","27.6193","27.7152","27.7575","27.6208","-0.22%"
"Feb 05, 2021","27.6791","27.8300","27.9650","27.7033","-0.43%"
"Feb 04, 2021","27.8000","27.9599","28.0500","27.8190","-0.39%"
"Feb 03, 2021","27.9095","28.0299","28.0634","27.9300","-0.32%"
"Feb 02, 2021","27.9991","28.0350","28.0749","28.0057","-0.18%"
"Feb 01, 2021","28.0491","28.1150","28.1551","28.0196","-0.18%"
"Jan 29, 2021","28.1000","28.1350","28.1658","28.0996","-0.11%"
"Jan 28, 2021","28.1299","28.1840","28.2332","28.1301","-0.04%"
"Jan 27, 2021","28.1400","28.1875","28.1975","28.1376","-0.17%"
"Jan 26, 2021","28.1875","28.1401","28.1884","28.1345","0.19%"
"Jan 25, 2021","28.1347","28.1701","28.2001","28.1288","-0.05%"
"Jan 22, 2021","28.1500","28.2150","28.2409","28.1147","-0.14%"
"Jan 21, 2021","28.1900","28.2402","28.3110","28.1992","-0.04%"
"Jan 20, 2021","28.2000","28.1651","28.2824","28.1280","0.18%"
"Jan 19, 2021","28.1500","28.2300","28.2595","28.1040","-0.18%"
"Jan 18, 2021","28.2000","28.1549","28.2907","28.1250","0.36%"
"Jan 15, 2021","28.0994","28.0600","28.1555","28.0152","0.15%"
"Jan 14, 2021","28.0572","28.0600","28.1079","28.0105","0.13%"
"Jan 13, 2021","28.0212","28.0257","28.0754","27.9303","0.08%"
"Jan 12, 2021","27.9990","28.2250","28.2250","28.0165","-0.43%"
"Jan 11, 2021","28.1190","28.2663","28.2833","28.1225","-0.44%"
"Jan 06, 2021","28.2432","28.4400","28.4400","28.2355","-0.62%"
"Jan 05, 2021","28.4200","28.4600","28.5150","28.2050","-0.03%"
"Jan 04, 2021","28.4290","28.2700","28.4670","28.2700","-0.16%"
"Jan 01, 2021","28.4753","28.4753","28.4753","28.4753","0.49%"
"Dec 30, 2020","28.3350","28.1900","28.3845","28.1825","0.66%"
"Dec 29, 2020","28.1500","28.3050","28.3345","28.1630","-0.35%"
"Dec 28, 2020","28.2500","28.3550","28.3983","28.2755","-0.35%"
"Dec 24, 2020","28.3500","28.3400","28.4325","28.2925","0.18%"
"Dec 23, 2020","28.3000","28.4250","28.4945","28.3400","-0.35%"
"Dec 22, 2020","28.3990","28.1900","28.4400","28.1205","1.01%"
"Dec 21, 2020","28.1150","28.0625","28.2400","27.9175","0.41%"
"Dec 18, 2020","27.9990","27.7925","28.0650","27.7155","0.72%"
"Dec 17, 2020","27.7990","27.8100","27.8808","27.7555","-0.00%"
"Dec 16, 2020","27.8000","27.7150","27.8870","27.6600","0.29%"
"Dec 15, 2020","27.7200","27.8200","27.8500","27.7330","-0.43%"
"Dec 14, 2020","27.8400","27.9650","27.9700","27.8170","-0.36%"
"Dec 11, 2020","27.9400","28.0100","28.1000","27.9200","-0.32%"
"Dec 10, 2020","28.0290","28.0900","28.1095","28.0250","-0.15%"
"Dec 09, 2020","28.0700","28.1138","28.1405","28.0040","-0.21%"
"Dec 08, 2020","28.1300","28.1200","28.1575","28.0450","0.11%"
"Dec 07, 2020","28.1000","28.2650","28.2900","28.1105","-0.53%"
"Dec 04, 2020","28.2500","28.2600","28.3232","28.2350","-0.04%"
"Dec 03, 2020","28.2600","28.3400","28.3678","28.2435","-0.18%"
"Dec 02, 2020","28.3100","28.5000","28.5205","28.3160","-0.66%"
"Dec 01, 2020","28.4990","28.5050","28.5819","28.4945","0.07%"
"Nov 30, 2020","28.4800","28.5400","28.5520","28.1000","-0.11%"
"Nov 27, 2020","28.5100","28.4600","28.5693","28.3700","0.21%"
"Nov 26, 2020","28.4491","28.3400","28.4885","28.3400","0.07%"
"Nov 25, 2020","28.4290","28.3650","28.4750","28.3255","0.32%"
"Nov 24, 2020","28.3390","28.3750","28.3995","28.2300","-0.07%"
"Nov 23, 2020","28.3590","28.3700","28.3915","28.3150","0.17%"
"Nov 20, 2020","28.3100","28.3550","28.3995","28.2000","-0.19%"
"Nov 19, 2020","28.3650","28.2414","28.3850","28.1666","0.69%"
"Nov 18, 2020","28.1700","28.1525","28.2300","28.1030","0.15%"
"Nov 17, 2020","28.1290","28.1250","28.1470","28.0730","0.10%"
"Nov 16, 2020","28.1000","28.1050","28.1400","28.0850","-0.08%"
"Nov 13, 2020","28.1211","28.1750","28.1925","28.0800","-0.13%"
"Nov 12, 2020","28.1590","28.1900","28.2301","28.1545","-0.11%"
"Nov 11, 2020","28.1890","28.1900","28.2225","28.1276","0.09%"
"Nov 10, 2020","28.1640","28.1175","28.1838","28.0900","0.25%"
"Nov 09, 2020","28.0940","28.1000","28.1700","28.0700","-0.16%"
"Nov 06, 2020","28.1390","28.2600","28.5050","28.0650","-0.21%"
"Nov 05, 2020","28.1991","28.3800","28.4825","28.1770","-0.49%"
"Nov 04, 2020","28.3390","28.5613","28.5767","28.3800","-0.67%"
"Nov 03, 2020","28.5290","28.6350","28.6720","28.5155","-0.31%"
"Nov 02, 2020","28.6190","28.5250","28.6375","28.4450","0.42%"
"Oct 30, 2020","28.4990","28.4502","28.5250","28.4242","0.19%"
"Oct 29, 2020","28.4440","28.4125","28.4701","28.4005","0.18%"
"Oct 28, 2020","28.3940","28.3765","28.4345","28.3591","0.11%"
"Oct 27, 2020","28.3620","28.3350","28.3825","28.3263","0.17%"
"Oct 26, 2020","28.3140","28.3275","28.3557","28.3080","0.04%"
"Oct 23, 2020","28.3040","28.3092","28.3350","28.2642","0.11%"
"Oct 22, 2020","28.2740","28.2475","28.3207","28.2209","0.16%"
"Oct 21, 2020","28.2290","28.3275","28.3475","28.2383","-0.25%"
"Oct 20, 2020","28.2990","28.3825","28.3972","28.3217","-0.26%"
"Oct 19, 2020","28.3740","28.3615","28.3995","28.3420","0.07%"
"Oct 16, 2020","28.3540","28.3450","28.3862","28.3255","0.07%"
"Oct 15, 2020","28.3350","28.3400","28.3645","28.3100","0.05%"
"Oct 14, 2020","28.3200","28.3400","28.3400","28.3400","0.00%"
"Oct 13, 2020","28.3200","28.3139","28.3612","28.2755","0.09%"
"Oct 12, 2020","28.2940","28.2500","28.3146","28.2050","0.19%"
"Oct 09, 2020","28.2400","28.2376","28.3250","28.1805","0.11%"
"Oct 08, 2020","28.2090","28.3250","28.3355","28.2075","-0.39%"
"Oct 07, 2020","28.3200","28.3600","28.4100","28.2850","-0.07%"
"Oct 06, 2020","28.3390","28.4100","28.4405","28.3055","-0.18%"
"Oct 05, 2020","28.3900","28.3762","28.4425","28.3350","0.09%"
"Oct 02, 2020","28.3655","28.3550","28.3800","28.3035","0.09%"
"Oct 01, 2020","28.3400","28.3000","28.3590","28.2840","0.21%"
"Sep 30, 2020","28.2800","28.3365","28.3465","28.2687","-0.15%"
"Sep 29, 2020","28.3212","28.2700","28.3421","28.2650","0.25%"
"Sep 28, 2020","28.2500","28.2625","28.3315","28.2325","-0.11%"
"Sep 25, 2020","28.2800","28.2625","28.3069","28.2362","0.10%"
"Sep 24, 2020","28.2530","28.2250","28.2775","28.2061","0.19%"
"Sep 23, 2020","28.2000","28.2011","28.2418","28.1572","0.09%"
"Sep 22, 2020","28.1757","28.2213","28.2827","28.0700","-0.14%"
"Sep 21, 2020","28.2150","28.1750","28.2725","28.1550","0.20%"
"Sep 18, 2020","28.1600","28.1425","28.1890","28.1315","0.11%"
"Sep 17, 2020","28.1300","28.0680","28.1600","28.0325","0.34%"
"Sep 16, 2020","28.0350","28.0250","28.1695","28.0045","0.12%"
"Sep 15, 2020","28.0000","27.9900","28.1348","27.9797","0.13%"
"Sep 14, 2020","27.9640","27.9500","28.0382","27.9225","0.13%"
"Sep 11, 2020","27.9290","27.8500","27.9725","27.8417","0.34%"
"Sep 10, 2020","27.8350","27.8277","27.8775","27.8005","0.04%"
"Sep 09, 2020","27.8240","27.7700","27.8652","27.7700","0.30%"
"Sep 08, 2020","27.7400","27.7825","27.8311","27.7500","-0.09%"
"Sep 07, 2020","27.7650","27.7550","27.8113","27.7100","0.09%"
"Sep 04, 2020","27.7390","27.6835","27.7752","27.6735","0.25%"
"Sep 03, 2020","27.6690","27.6575","27.7465","27.6175","0.13%"
"Sep 02, 2020","27.6340","27.5725","27.7067","27.5680","0.31%"
"Sep 01, 2020","27.5490","27.5625","27.6420","27.5355","0.02%"
"Aug 31, 2020","27.5440","27.4797","27.6020","27.4797","0.35%"
"Aug 28, 2020","27.4490","27.5000","27.5124","27.4305","-0.11%"
"Aug 27, 2020","27.4800","27.4500","27.5175","27.3300","0.18%"
"Aug 26, 2020","27.4300","27.3900","27.4875","27.3197","0.22%"
"Aug 25, 2020","27.3700","27.4600","27.4950","27.3705","-0.26%"
"Aug 24, 2020","27.4400","27.4600","27.4600","27.4600","0.00%"
"Aug 21, 2020","27.4400","27.3250","27.4725","27.3250","0.52%"
"Aug 20, 2020","27.2990","27.4625","27.5420","27.3250","-0.49%"
"Aug 19, 2020","27.4340","27.3200","27.4625","27.2555","0.49%"
"Aug 18, 2020","27.3000","27.2500","27.3200","27.2105","0.22%"
"Aug 17, 2020","27.2400","27.3318","27.3525","26.7700","-0.29%"
"Aug 14, 2020","27.3200","27.3400","27.3970","27.2950","0.07%"
"Aug 13, 2020","27.3000","27.5150","27.5155","27.3355","-0.72%"
"Aug 12, 2020","27.4990","27.5800","27.5855","27.4875","-0.22%"
"Aug 11, 2020","27.5600","27.6000","27.6500","27.5592","-0.04%"
"Aug 10, 2020","27.5700","27.6250","27.6520","27.5700","-0.20%"
"Aug 07, 2020","27.6250","27.7100","27.7195","27.6070","-0.31%"
"Aug 06, 2020","27.7100","27.6975","27.7420","27.6300","0.05%"
"Aug 05, 2020","27.6975","27.7695","27.8055","27.6500","-0.26%"
"Aug 04, 2020","27.7695","27.8725","27.8755","27.7330","-0.37%"
"Aug 03, 2020","27.8725","27.7250","27.8773","27.6605","0.53%"
"Jul 31, 2020","27.7250","27.7030","27.7397","27.6117","0.08%"
"Jul 30, 2020","27.7030","27.6350","27.7362","27.6130","0.25%"
"Jul 29, 2020","27.6350","27.7400","27.7650","27.5850","-0.38%"
"Jul 28, 2020","27.7400","27.7000","27.7575","27.6150","0.14%"
"Jul 27, 2020","27.7000","27.7300","27.8695","27.6450","-0.56%"
"Jul 24, 2020","27.8550","27.7875","27.8750","27.6980","0.24%"
"Jul 23, 2020","27.7875","27.8608","27.9069","27.7750","-0.26%"
"Jul 22, 2020","27.8608","27.7800","27.8697","27.7113","0.29%"
"Jul 21, 2020","27.7800","27.6500","27.8100","27.5800","0.47%"
"Jul 20, 2020","27.6500","27.4322","27.6850","27.1250","0.79%"
"Jul 17, 2020","27.4322","27.3750","27.4570","27.3130","0.21%"
"Jul 16, 2020","27.3750","27.2100","27.3750","27.1700","0.61%"
"Jul 15, 2020","27.2100","27.0750","27.2250","27.0417","0.50%"
"Jul 14, 2020","27.0750","27.1300","27.2145","27.0700","-0.20%"
"Jul 13, 2020","27.1300","27.0750","27.1497","27.0150","0.20%"
"Jul 10, 2020","27.0750","26.9447","27.0800","26.9055","0.48%"
"Jul 09, 2020","26.9447","26.9312","27.0750","26.8855","0.05%"
"Jul 08, 2020","26.9312","26.9400","27.0095","26.9175","-0.03%"
"Jul 07, 2020","26.9400","26.9500","26.9895","26.8768","-0.04%"
"Jul 06, 2020","26.9500","26.9121","27.2275","26.9121","-0.65%"
"Jul 03, 2020","27.1250","26.9121","27.2995","26.8450","-0.40%"
"Jul 02, 2020","27.2350","26.9121","27.2470","26.8450","1.20%"
"Jul 01, 2020","26.9121","26.6950","26.9200","26.6950","0.81%"
"Jun 30, 2020","26.6950","26.7252","26.7327","26.6455","-0.11%"
"Jun 29, 2020","26.7252","26.7252","26.7252","26.7252","0.00%"
"Jun 26, 2020","26.7252","26.7250","26.7379","26.6605","0.00%"
"Jun 25, 2020","26.7250","26.6950","26.7375","26.6580","0.11%"
"Jun 24, 2020","26.6950","26.5850","26.7035","26.5745","0.41%"
"Jun 23, 2020","26.5850","26.7275","26.7275","26.5625","-0.27%"
"Jun 22, 2020","26.6575","26.7275","26.7375","26.6500","-0.26%"
"Jun 19, 2020","26.7275","26.7250","26.7545","26.6775","0.01%"
"Jun 18, 2020","26.7250","26.8000","26.8245","26.7100","-0.28%"
"Jun 17, 2020","26.8000","26.7650","26.8150","26.7180","0.13%"
"Jun 16, 2020","26.7650","26.8200","26.8390","26.7010","-0.21%"
"Jun 15, 2020","26.8200","26.7550","26.8820","26.7395","0.24%"
"Jun 12, 2020","26.7550","26.6800","26.7650","26.6305","0.28%"
"Jun 11, 2020","26.6800","26.5900","26.6825","26.5650","0.34%"
"Jun 10, 2020","26.5900","26.6450","26.6875","26.5699","-0.21%"
"Jun 09, 2020","26.6450","26.5798","26.6838","26.5795","0.25%"
"Jun 08, 2020","26.5798","26.5798","26.5798","26.5798","0.00%"
"Jun 05, 2020","26.5798","26.6333","26.6450","26.5570","-0.20%"
"Jun 04, 2020","26.6333","26.7463","26.7750","26.6300","-0.42%"
"Jun 03, 2020","26.7463","26.7875","26.8145","26.7026","-0.15%"
"Jun 02, 2020","26.7875","26.7950","26.8395","26.7642","-0.03%"
"Jun 01, 2020","26.7950","26.9000","26.9000","26.7750","-0.39%"
"May 29, 2020","26.9000","26.9137","26.9420","26.8155","-0.05%"
"May 28, 2020","26.9137","26.9725","26.9933","26.8505","-0.22%"
"May 27, 2020","26.9725","26.9475","27.0434","26.9350","0.09%"
"May 26, 2020","26.9475","26.8951","26.9648","26.8426","0.20%"
"May 25, 2020","26.8951","26.8900","26.9298","26.7600","0.02%"
"May 22, 2020","26.8900","26.7400","26.9000","26.7075","0.56%"
"May 21, 2020","26.7400","26.7250","26.8640","26.6700","0.06%"
"May 20, 2020","26.7250","26.5525","26.7375","26.5275","0.69%"
"May 19, 2020","26.5424","26.5625","26.6235","26.4872","-0.08%"
"May 18, 2020","26.5625","26.6175","26.6415","26.5565","-0.21%"
"May 15, 2020","26.6175","26.6750","26.7970","26.6112","-0.22%"
"May 14, 2020","26.6750","26.6950","26.7145","26.6560","-0.11%"
"May 13, 2020","26.7050","26.7400","26.7450","26.6581","-0.01%"
"May 12, 2020","26.7075","26.8448","26.8503","26.7075","-0.51%"
"May 11, 2020","26.8448","26.8448","26.8448","26.8448","0.00%"
"May 08, 2020","26.8448","26.8350","26.8840","26.7735","0.04%"
"May 07, 2020","26.8350","26.8500","26.9210","26.7730","-0.15%"
"May 06, 2020","26.8750","26.9750","26.9960","26.8350","-0.25%"
"May 05, 2020","26.9425","26.9500","27.0095","26.9290","-0.03%"
"May 04, 2020","26.9500","26.9350","27.0075","26.9205","0.06%"
"May 01, 2020","26.9350","26.9750","26.9750","26.9350","-0.15%"
"Apr 30, 2020","26.9750","26.9350","27.0420","26.9015","0.15%"
"Apr 29, 2020","26.9350","27.0313","27.0487","26.9112","-0.36%"
"Apr 28, 2020","27.0313","27.1250","27.1250","27.0035","-0.35%"
"Apr 27, 2020","27.1250","27.1257","27.1835","27.0565","-0.02%"
"Apr 24, 2020","27.1305","27.1050","27.2220","27.0150","0.09%"
"Apr 23, 2020","27.1050","27.0150","27.1493","26.9537","0.33%"
"Apr 22, 2020","27.0150","27.1175","27.1375","26.9850","-0.38%"
"Apr 21, 2020","27.1175","27.0767","27.1420","27.0382","0.15%"
"Apr 20, 2020","27.0767","27.0767","27.0767","27.0767","0.00%"
"Apr 17, 2020","27.0767","27.1200","27.1230","27.0330","-0.16%"
"Apr 16, 2020","27.1200","27.2750","27.3220","27.1005","-0.57%"
"Apr 15, 2020","27.2750","27.2750","27.3170","27.1593","0.00%"
"Apr 14, 2020","27.2750","27.0150","27.2800","26.9225","0.96%"
"Apr 13, 2020","27.0150","27.1600","27.1950","26.9700","-0.53%"
"Apr 10, 2020","27.1600","27.2800","27.2800","27.1075","-0.44%"
"Apr 09, 2020","27.2800","27.3550","27.3550","27.1968","-0.27%"
"Apr 08, 2020","27.3550","27.4700","27.4700","27.0600","-0.42%"
"Apr 07, 2020","27.4700","27.1350","27.4700","27.0537","1.23%"
"Apr 06, 2020","27.1350","27.4700","27.4700","27.1350","-1.22%"
"Apr 03, 2020","27.4700","27.5650","27.5650","27.3343","-0.34%"
"Apr 02, 2020","27.5650","27.6950","27.6950","27.4400","-0.47%"
"Apr 01, 2020","27.6950","27.6225","27.8727","27.6130","0.26%"
"Mar 31, 2020","27.6225","28.1150","28.1150","27.5045","-1.75%"
"Mar 30, 2020","28.1150","28.1100","28.1733","27.9855","0.02%"
"Mar 27, 2020","28.1100","28.2150","28.2950","27.9550","-0.37%"
"Mar 26, 2020","28.2150","28.0050","28.2344","28.0050","0.75%"
"Mar 25, 2020","28.0050","28.0050","28.0300","27.8300","0.00%"
"Mar 24, 2020","28.0050","27.5550","28.0055","27.5550","1.63%"
"Mar 23, 2020","27.5550","27.4704","28.2230","27.4704","0.31%"
"Mar 20, 2020","27.4704","27.8704","28.0255","27.3405","-1.44%"
"Mar 19, 2020","27.8704","27.4250","27.9144","27.4250","1.62%"
"Mar 18, 2020","27.4250","27.0130","27.4604","27.0130","1.53%"
"Mar 17, 2020","27.0130","26.6980","27.1681","26.6980","1.17%"
"Mar 16, 2020","26.7000","26.4100","26.7000","26.0600","1.80%"
"Mar 13, 2020","26.2275","26.0475","26.2275","26.0000","0.74%"
"Mar 12, 2020","26.0350","25.7250","26.0450","25.7250","1.19%"
"Mar 11, 2020","25.7299","25.4199","25.7399","25.4199","1.20%"
"Mar 10, 2020","25.4250","25.0075","25.4250","24.9950","1.63%"
"Mar 09, 2020","25.0162","25.0162","25.0162","25.0162","0.00%"
"Mar 06, 2020","25.0162","24.7338","25.0538","24.7338","1.16%"
"Mar 05, 2020","24.7300","24.8400","24.8400","24.7050","-0.40%"
"Mar 04, 2020","24.8300","25.0050","25.0200","24.8175","-0.65%"
"Mar 03, 2020","24.9925","24.8675","25.0150","24.8650","0.45%"
"Mar 02, 2020","24.8800","24.6575","24.9090","24.5900","0.89%"
"Feb 28, 2020","24.6612","24.5287","24.6612","24.5138","0.60%"
"Feb 27, 2020","24.5150","24.6250","24.6250","24.4800","-0.46%"
"Feb 26, 2020","24.6275","24.5475","24.6775","24.5475","0.35%"
"Feb 25, 2020","24.5425","24.4975","24.5450","24.4775","0.12%"
"Feb 24, 2020","24.5125","24.4513","24.5380","24.4513","0.24%"
"Feb 21, 2020","24.4537","24.4650","24.4850","24.4249","0.02%"
"Feb 20, 2020","24.4500","24.4727","24.5200","24.4450","-0.14%"
"Feb 19, 2020","24.4838","24.4411","24.5561","24.4411","0.20%"
"Feb 18, 2020","24.4350","24.4050","24.4750","24.3800","0.10%"
"Feb 17, 2020","24.4100","24.4900","24.4900","24.4100","-0.29%"
"Feb 14, 2020","24.4800","24.4350","24.4800","24.4100","0.16%"
"Feb 13, 2020","24.4405","24.5455","24.5705","24.4305","-0.47%"
"Feb 12, 2020","24.5550","24.5050","24.5550","24.4450","0.21%"
"Feb 11, 2020","24.5025","24.4125","24.5125","24.4125","0.15%"
"Feb 10, 2020","24.4650","24.5300","24.5700","24.4600","-0.38%"
"Feb 07, 2020","24.5575","24.5175","24.5900","24.4975","-0.01%"
"Feb 06, 2020","24.5600","24.6000","24.6125","24.5300","-0.45%"
"Feb 05, 2020","24.6700","24.8000","24.8600","24.5800","-0.50%"
"Feb 04, 2020","24.7950","24.9500","24.9500","24.7850","-0.82%"
"Feb 03, 2020","25.0000","25.1300","25.1400","24.5900","-0.13%"
"Jan 31, 2020","25.0325","24.9675","25.0830","24.5975","0.50%"
"Jan 30, 2020","24.9075","24.9625","24.9905","24.8100","0.13%"
"Jan 29, 2020","24.8750","24.8100","24.8800","24.7500","0.41%"
"Jan 28, 2020","24.7725","24.6125","24.7875","24.6025","0.63%"
"Jan 27, 2020","24.6175","24.2975","24.6275","24.2975","0.74%"
"Jan 24, 2020","24.4375","24.2775","24.4475","24.2075","0.66%"
"Jan 23, 2020","24.2775","24.5400","24.5825","24.2675","-0.64%"
"Jan 22, 2020","24.4337","24.2455","24.4838","24.2455","0.63%"
"Jan 21, 2020","24.2800","24.2400","24.3250","24.2400","-0.35%"
"Jan 20, 2020","24.3650","24.2150","24.3680","24.2150","0.23%"
"Jan 17, 2020","24.3084","24.1916","24.3591","24.1892","0.68%"
"Jan 16, 2020","24.1450","24.0500","24.1875","24.0500","0.11%"
"Jan 15, 2020","24.1175","23.9775","24.1175","23.7325","1.63%"
"Jan 14, 2020","23.7300","24.0300","24.0575","23.7300","-1.46%"
"Jan 13, 2020","24.0813","23.7312","24.0813","23.7312","0.48%"
"Jan 10, 2020","23.9672","24.0978","24.0978","23.9103","-0.68%"
"Jan 09, 2020","24.1305","24.0980","24.1785","24.0685","0.56%"
"Jan 08, 2020","23.9950","23.7805","24.0600","23.7605","1.12%"
"Jan 07, 2020","23.7300","23.7300","23.7300","23.7300","0.00%"
"Jan 06, 2020","23.7300","23.7300","23.7300","23.7300","0.00%"
"Jan 03, 2020","23.7300","23.6725","23.7700","23.6400","0.13%"
"Jan 02, 2020","23.7000","23.7000","23.7000","23.7000","0.00%"
"Jan 01, 2020","23.7000","23.7000","23.7000","23.7000","0.00%"
"Dec 31, 2019","23.7000","23.7000","23.7000","23.7000","0.00%"
"Dec 30, 2019","23.7000","23.7000","23.7000","23.7000","0.00%"
"Dec 27, 2019","23.7000","23.5600","23.7600","23.5400","1.33%"
"Dec 26, 2019","23.3880","23.2595","23.3880","23.2320","0.62%"
"Dec 25, 2019","23.2450","23.2450","23.2450","23.2450","0.00%"
"Dec 24, 2019","23.2450","23.2620","23.2795","23.2225","-0.09%"
"Dec 23, 2019","23.2650","23.2850","23.3200","23.2475","-0.21%"
"Dec 20, 2019","23.3140","23.2960","23.3565","23.2774","0.14%"
"Dec 19, 2019","23.2812","23.3942","23.4217","23.2812","-0.43%"
"Dec 18, 2019","23.3825","23.4395","23.4450","23.3725","-0.32%"
"Dec 17, 2019","23.4575","23.4775","23.4975","23.4525","-0.14%"
"Dec 16, 2019","23.4900","23.5055","23.6155","23.4775","0.06%"
"Dec 13, 2019","23.4750","23.5195","23.5340","23.4750","-0.35%"
"Dec 12, 2019","23.5572","23.5527","23.6073","23.5272","0.07%"
"Dec 11, 2019","23.5400","23.5800","23.9400","23.5400","-0.40%"
"Dec 10, 2019","23.6350","23.6950","23.7250","23.6060","-0.27%"
"Dec 09, 2019","23.7000","23.7400","23.7400","23.6625","-0.11%"
"Dec 06, 2019","23.7250","23.7650","23.7650","23.6775","-0.24%"
"Dec 05, 2019","23.7825","23.8750","23.9350","23.7825","-0.40%"
"Dec 04, 2019","23.8790","23.9515","23.9565","23.8590","-0.25%"
"Dec 03, 2019","23.9400","23.9035","23.9525","23.9025","-0.04%"
"Dec 02, 2019","23.9500","23.9800","23.9900","23.9400","-0.13%"
"Nov 29, 2019","23.9800","23.9800","24.0001","23.9395","-0.04%"
"Nov 28, 2019","23.9900","24.0400","24.0700","23.9900","-0.12%"
"Nov 27, 2019","24.0188","23.9763","24.0312","23.9763","0.09%"
"Nov 26, 2019","23.9962","23.9737","24.0188","23.9638","-0.24%"
"Nov 25, 2019","24.0550","24.0800","24.0850","23.9850","-0.21%"
"Nov 22, 2019","24.1050","24.1950","24.2300","24.0950","-0.31%"
"Nov 21, 2019","24.1800","24.2000","24.2350","24.1600","0.11%"
"Nov 20, 2019","24.1525","24.1525","24.2050","24.1275","0.01%"
"Nov 19, 2019","24.1500","24.2300","24.2375","24.1500","-0.25%"
"Nov 18, 2019","24.2100","24.2100","24.2100","24.1180","0.26%"
"Nov 15, 2019","24.1465","24.2140","24.5290","24.1465","-0.32%"
"Nov 14, 2019","24.2250","24.3050","24.3050","24.2150","-0.36%"
"Nov 13, 2019","24.3117","24.3618","24.3618","24.2843","-0.34%"
"Nov 12, 2019","24.3938","24.5113","24.5113","24.3938","-0.41%"
"Nov 11, 2019","24.4947","24.5148","24.5348","24.4654","-0.03%"
"Nov 08, 2019","24.5023","24.4672","24.5323","24.4572","0.10%"
"Nov 07, 2019","24.4775","24.5720","24.5875","24.4775","-0.42%"
"Nov 06, 2019","24.5811","24.7159","24.7464","24.5759","-0.54%"
"Nov 05, 2019","24.7150","24.7095","24.7850","24.6895","-0.14%"
"Nov 04, 2019","24.7500","24.8200","24.8400","24.7395","-0.48%"
"Nov 01, 2019","24.8694","24.7149","24.8694","24.6249","0.29%"
"Oct 31, 2019","24.7975","25.0075","25.0075","24.7175","-0.80%"
"Oct 30, 2019","24.9975","25.0325","25.0375","24.8975","-0.27%"
"Oct 29, 2019","25.0650","25.1300","25.1900","25.0500","-0.18%"
"Oct 28, 2019","25.1112","25.0712","25.1612","25.0113","0.12%"
"Oct 25, 2019","25.0800","25.2350","25.2700","25.0660","-0.27%"
"Oct 24, 2019","25.1475","25.0675","25.1750","25.0275","0.48%"
"Oct 23, 2019","25.0274","24.8251","25.0274","24.8151","0.77%"
"Oct 22, 2019","24.8350","24.8600","24.9150","24.8101","-0.20%"
"Oct 21, 2019","24.8850","25.0150","25.0800","24.8800","-0.78%"
"Oct 18, 2019","25.0802","24.9153","25.1603","24.9153","1.52%"
"Oct 17, 2019","24.7050","24.7550","24.8650","24.6750","-0.26%"
"Oct 16, 2019","24.7700","24.7650","24.9050","24.6300","-0.02%"
"Oct 15, 2019","24.7750","24.5150","24.8500","24.5150","0.51%"
"Oct 14, 2019","24.6500","24.6500","24.6500","24.6500","0.00%"
"Oct 11, 2019","24.6500","24.5000","24.6650","24.4375","0.63%"
"Oct 10, 2019","24.4950","24.5950","24.6250","24.4725","-0.46%"
"Oct 09, 2019","24.6075","24.7275","24.7425","24.6075","-0.11%"
"Oct 08, 2019","24.6350","24.7200","24.8050","24.6350","0.00%"
"Oct 07, 2019","24.6350","24.7750","24.9495","24.6350","-0.55%"
"Oct 04, 2019","24.7700","24.6150","24.7700","24.5650","0.61%"
"Oct 03, 2019","24.6200","24.6350","24.9450","24.6200","-0.06%"
"Oct 02, 2019","24.6350","24.8250","24.9400","24.6350","0.00%"
"Oct 01, 2019","24.6350","24.4750","24.6565","24.4250","1.17%"
"Sep 30, 2019","24.3500","24.1100","24.3500","24.1050","0.99%"
"Sep 27, 2019","24.1112","24.1013","24.1313","24.0512","0.05%"
"Sep 26, 2019","24.1000","24.1600","24.2300","24.0700","0.04%"
"Sep 25, 2019","24.0912","24.1157","24.2613","24.0458","-0.95%"
"Sep 24, 2019","24.3225","24.2370","24.3225","24.1825","0.00%"
"Sep 23, 2019","24.3225","24.4325","24.4325","24.2870","-0.34%"
"Sep 20, 2019","24.4050","24.5805","24.6305","24.4050","-0.67%"
"Sep 19, 2019","24.5688","24.6788","24.6788","24.5633","-0.39%"
"Sep 18, 2019","24.6650","24.7150","24.7650","24.6500","-0.46%"
"Sep 17, 2019","24.7800","24.7600","24.7850","24.7100","0.02%"
"Sep 16, 2019","24.7750","24.7150","25.1450","24.6950","-0.07%"
"Sep 13, 2019","24.7913","24.7198","24.8495","24.6663","0.13%"
"Sep 12, 2019","24.7600","24.9550","24.9550","24.7560","-0.69%"
"Sep 11, 2019","24.9325","24.9275","25.0275","24.9175","-0.27%"
"Sep 10, 2019","25.0000","24.8985","25.0550","24.8300","0.21%"
"Sep 09, 2019","24.9475","25.1890","25.1890","24.9175","-0.51%"
"Sep 06, 2019","25.0750","25.1550","25.1950","25.0225","-0.29%"
"Sep 05, 2019","25.1475","25.3125","25.4025","25.1475","-0.48%"
"Sep 04, 2019","25.2700","25.2610","25.3025","25.2410","0.10%"
"Sep 03, 2019","25.2455","25.3270","25.3620","25.2355","0.54%"
"Sep 02, 2019","25.1100","25.1300","25.3000","25.1100","0.00%"
"Aug 30, 2019","25.1100","25.2045","25.2200","25.1045","-0.38%"
"Aug 29, 2019","25.2048","25.2628","25.2903","25.2048","-0.04%"
"Aug 28, 2019","25.2150","25.1345","25.2450","25.1345","0.25%"
"Aug 27, 2019","25.1525","25.0925","25.2025","25.0925","0.21%"
"Aug 26, 2019","25.1000","25.1000","25.1000","25.1000","0.00%"
"Aug 23, 2019","25.1000","25.0100","25.1300","25.0100","0.22%"
"Aug 22, 2019","25.0450","25.1260","25.1280","25.0050","-0.46%"
"Aug 21, 2019","25.1600","25.2250","25.2800","25.1150","0.02%"
"Aug 20, 2019","25.1552","25.0968","25.1743","25.0968","0.15%"
"Aug 19, 2019","25.1175","25.1550","25.2300","25.1175","-0.25%"
"Aug 16, 2019","25.1800","25.3300","25.3300","25.1200","-0.55%"
"Aug 15, 2019","25.3200","25.2450","25.4100","25.1500","0.04%"
"Aug 14, 2019","25.3087","25.1987","25.3562","25.1462","0.51%"
"Aug 13, 2019","25.1800","25.1750","25.1800","25.1250","-0.02%"
"Aug 12, 2019","25.1850","25.0750","25.5650","25.0750","-0.13%"
"Aug 09, 2019","25.2188","25.1837","25.3687","25.0487","0.37%"
"Aug 08, 2019","25.1250","25.3450","25.3810","25.1250","0.00%"
"Aug 07, 2019","25.1250","25.4900","25.5800","25.1250","-1.59%"
"Aug 06, 2019","25.5302","25.6953","25.7052","25.5153","-0.39%"
"Aug 05, 2019","25.6305","25.6875","25.7805","25.1405","0.26%"
"Aug 02, 2019","25.5650","25.3850","25.5950","25.3850","0.69%"
"Aug 01, 2019","25.3900","25.2650","25.4100","25.1300","1.09%"
"Jul 31, 2019","25.1163","24.9537","25.1638","24.9537","0.36%"
"Jul 30, 2019","25.0250","25.0950","25.1200","25.0250","-0.79%"
"Jul 29, 2019","25.2250","25.3250","25.5150","25.2130","-0.60%"
"Jul 26, 2019","25.3773","25.4827","25.5278","25.3773","-0.26%"
"Jul 25, 2019","25.4428","25.5072","25.5383","25.4428","-0.11%"
"Jul 24, 2019","25.4715","25.5615","25.5815","25.4160","-0.60%"
"Jul 23, 2019","25.6250","25.5900","25.6750","25.5800","-0.08%"
"Jul 22, 2019","25.6450","25.7650","25.7650","25.6050","-0.35%"
"Jul 19, 2019","25.7350","25.9150","25.9150","25.6950","-0.93%"
"Jul 18, 2019","25.9755","25.9094","26.1085","25.9045","0.34%"
"Jul 17, 2019","25.8873","26.1877","26.1877","25.8077","-0.01%"
"Jul 16, 2019","25.8900","25.7900","25.9550","25.7400","0.23%"
"Jul 15, 2019","25.8300","25.7600","26.1900","25.7150","0.26%"
"Jul 12, 2019","25.7625","25.7575","26.1675","25.7075","-0.26%"
"Jul 11, 2019","25.8300","25.8300","26.1800","25.7500","-0.14%"
"Jul 10, 2019","25.8675","25.6675","25.8975","25.6125","0.86%"
"Jul 09, 2019","25.6475","25.5975","25.6550","25.4270","0.23%"
"Jul 08, 2019","25.5875","25.6825","25.9525","25.5370","-0.35%"
"Jul 05, 2019","25.6785","25.7660","25.7860","25.6215","-0.49%"
"Jul 04, 2019","25.8050","25.9595","26.1750","25.7795","-0.80%"
"Jul 03, 2019","26.0125","26.1420","26.1725","25.9270","-0.62%"
"Jul 02, 2019","26.1750","26.1800","26.2125","26.1750","-0.02%"
"Jul 01, 2019","26.1800","26.1800","26.2945","26.1795","0.10%"
"Jun 28, 2019","26.1550","26.1550","26.1550","26.1550","0.00%"
"Jun 27, 2019","26.1550","26.1975","26.2205","26.1550","-0.08%"
"Jun 26, 2019","26.1750","26.1750","26.2255","26.1500","-0.03%"
"Jun 25, 2019","26.1830","26.1480","26.2479","26.1480","0.00%"
"Jun 24, 2019","26.1825","26.1589","26.4730","26.1589","0.18%"
"Jun 21, 2019","26.1350","26.3155","26.3155","26.1350","-0.72%"
"Jun 20, 2019","26.3250","26.3305","26.4805","26.3150","0.00%"
"Jun 19, 2019","26.3250","26.3695","26.4045","26.2995","-0.17%"
"Jun 18, 2019","26.3700","26.4755","26.4755","26.3700","-0.27%"
"Jun 17, 2019","26.4425","26.4425","26.4425","26.4425","0.00%"
"Jun 14, 2019","26.4425","26.4375","26.6330","26.3775","-0.06%"
"Jun 13, 2019","26.4575","26.4025","26.5225","26.3825","-0.07%"
"Jun 12, 2019","26.4755","26.4950","26.5150","26.3700","0.00%"
"Jun 11, 2019","26.4750","26.2250","26.4950","26.1750","0.61%"
"Jun 10, 2019","26.3152","26.4548","26.4647","26.2847","-1.66%"
"Jun 07, 2019","26.7600","26.6145","27.1700","26.4900","0.22%"
"Jun 06, 2019","26.7000","26.9045","27.0400","26.6650","-0.62%"
"Jun 05, 2019","26.8678","27.1528","27.1528","26.8223","-1.04%"
"Jun 04, 2019","27.1500","27.1745","27.2700","26.9650","0.33%"
"Jun 03, 2019","27.0600","26.8795","27.1120","26.8418","0.73%"
"May 31, 2019","26.8650","26.7305","26.9550","26.7305","-0.29%"
"May 30, 2019","26.9425","26.7280","26.9725","26.7125","0.78%"
"May 29, 2019","26.7350","26.5925","26.7350","26.5925","0.87%"
"May 28, 2019","26.5050","26.3655","26.5400","26.3000","0.45%"
"May 27, 2019","26.3850","26.4305","26.4305","26.2805","-0.15%"
"May 24, 2019","26.4250","26.4345","26.5345","26.3595","0.15%"
"May 23, 2019","26.3850","26.3250","26.3850","26.2845","0.40%"
"May 22, 2019","26.2800","26.1545","26.3450","26.1545","0.40%"
"May 21, 2019","26.1750","26.1650","26.4705","26.1100","0.19%"
"May 20, 2019","26.1250","26.3905","26.3905","26.1250","-0.92%"
"May 17, 2019","26.3675","26.3470","26.3920","26.3020","0.02%"